crab-ID,treatment,number,category,extraction-date,PCR-date,gel-date,gel-band,date-sent,well-position,genotype-1,genotype-2,final-genotype,notes
5-001,5C,001,other,,,,,,,,,,
5-002,5C,002,sampled-TTR,2024-02-09,2024-02-09,2024-02-09,bright,2024-03-21,F1,,TT,TT,
5-003,5C,003,respirometry,2023-10-18,2023-10-18,2023-10-18,average,2023-10-19,A1,CT,CT,CT,
5-004,5C,004,sampled-TTR,2024-02-23,2024-02-23,2024-02-23,average,2024-03-21,E5,,CC,CC,
5-005,5C,005,respirometry,2023-10-18,2023-10-18,2023-10-18,bright,2023-10-19,A2,CT,CT,CT,"no readable sequence from F read, unable to assemble contig"
5-006,5C,006,other,,,,,,,,,,
5-007,5C,007,sampled-TTR,2024-02-22,2024-02-22,2024-02-22,bright,2024-03-21,B4,,TT,TT,
5-008,5C,008,other,,,,,,,,,,
5-009,5C,009,sampled-TTR,2024-02-09,2024-02-16,2024-02-16,average,2024-03-21,A3,,CC,CC,
5-010,5C,010,respirometry,2023-10-18,2023-10-18,2023-10-18,bright,2023-10-19,A3,TT,TT,TT,
5-011,5C,011,constant-TTR,2024-02-08,2024-02-08,2024-02-08,average,2024-03-21,A1,,CT,CT,
5-012,5C,012,sampled-TTR,2024-02-29,2024-02-29,2024-02-29,bright,2024-03-21,E6,,TT,TT,
5-013,5C,013,other,,,,,,,,,,
5-014,5C,014,sampled-TTR,2024-02-29,2024-02-29,2024-02-29,bright,2024-03-21,F6,,CC,CC,
5-015,5C,015,other,,,,,,,,,,
5-181,5C,181,sampled-TTR,2024-02-09,2024-02-16,2024-02-16,faint,,,,,,
5-182,5C,182,sampled-TTR,2024-02-09,2024-02-09,2024-02-09,bright,2024-03-21,G1,,CT,CT,
15-031,15C,031,respirometry,2023-10-18,2023-10-18,2023-10-18,average,2023-10-19,A4,CC,CC,CC,
15-032,15C,032,respirometry,2023-10-18,2023-10-18,2023-10-18,bright,2023-10-19,A5,CC,CC,CC,
15-033,15C,033,julia,2023-07,2023-07,2023-07,N/A,2023-07,N/A,CC,CC,CC,
15-034,15C,034,sampled-TTR,2024-02-23,2024-02-23,2024-02-23,bright,2024-03-21,F5,,CT,CT,
15-035,15C,035,respirometry,2024-02-08,2024-02-08,2024-02-08,bright,2024-03-21,B1,,CT,CT,
15-036,15C,036,sampled-TTR,2024-02-22,2024-02-22,2024-02-22,average,2024-03-21,C4,,CT,CT,
15-037,15C,037,julia,2023-07,2023-07,2023-07,N/A,2023-07,N/A,CT,CT,CT,
15-038,15C,038,sampled-TTR,2024-02-29,2024-02-29,2024-02-29,bright,2024-03-21,G6,,CT,CT,
15-039,15C,039,julia,2023-07,2023-07,2023-07,N/A,2023-07,N/A,CT,CT,CT,
15-040,15C,040,sampled-TTR,2024-02-09,2024-02-16,2024-02-16,bright,2024-03-21,B3,,CT,CT,
15-041,15C,041,other,,,,,,,,,,
15-042,15C,042,julia,2023-07,2023-07,2023-07,N/A,2023-07,N/A,CC,CC,CC,
15-043,15C,043,sampled-TTR,2024-03-18,2024-03-18,2024-03-18,bright,2024-03-21,H7,,TT,TT,
15-044,15C,044,sampled-TTR,2024-03-18,2024-03-18,2024-03-18,bright,2024-03-21,H8,,CT,CT,
15-045,15C,045,julia,2023-07,2023-07,2023-07,N/A,2023-07,N/A,CT,CT,CT,
15-183,15C,183,julia,2023-07,2023-07,2023-07,N/A,2023-07,N/A,CC,CC,CC,
15-184,15C,184,julia,2023-07,2023-07,2023-07,N/A,2023-07,N/A,CC,CC,CC,
25-046,25C,046,other,,,,,,,,,,
25-047,25C,047,other,,,,,,,,,,
25-048,25C,048,sampled-TTR,2024-02-09,2024-02-16,2024-02-16,bright,2024-03-21,C3,,TT,TT,
25-049,25C,049,sampled-TTR,2024-02-22,2024-02-22,2024-02-22,bright,2024-03-21,D4,,CC,CC,
25-050,25C,050,other,,,,,,,,,,
25-051,25C,051,sampled-TTR,2024-02-09,2024-02-09,2024-02-09,average,2024-03-21,H1,,TT,TT,
25-052,25C,052,respirometry,2023-10-18,2023-10-18,2023-10-18,average,2023-10-19,A6,TT,TT,TT,"garbage F read, unable to assemble contig"
25-053,25C,053,sampled-TTR,2024-02-23,2024-02-23,2024-02-23,average,2024-03-21,G5,,CT,CT,
25-054,25C,054,other,,,,,,,,,,
25-055,25C,055,sampled-TTR,2024-02-29,2024-02-29,2024-02-29,bright,2024-03-21,H6,,TT,TT,
25-056,25C,056,sampled-TTR,2024-03-18,2024-03-18,2024-03-18,bright,2024-03-21,A8,,CT,CT,
25-057,25C,057,other,,,,,,,,,,
25-058,25C,058,sampled-TTR,2024-03-18,2024-03-18,2024-03-18,bright,2024-03-21,D8,,CT,CT,
25-059,25C,059,sampled-TTR,2024-03-18,2024-03-18,2024-03-18,bright,2024-03-21,G8,,TT,TT,
25-060,25C,060,respirometry,2023-10-18,2023-10-18,2023-10-18,average,2023-10-19,A7,CC,CC,CC,
25-185,25C,185,constant-TTR,2024-02-08,2024-02-08,2024-02-08,bright,2024-03-21,C1,,CT,CT,
25-186,25C,186,respirometry,2023-10-13,2023-10-13,2023-10-13,bright,2023-10-19,B3,CC,CC,CC,
5-061,5C,061,respirometry,2023-10-13,2023-10-13,2023-10-13,bright,2023-10-19,A8,CT,CT,CT,
5-062,5C,062,other,,,,,,,,,,
5-063,5C,063,sampled-TTR,2024-02-09,2024-02-09,2024-02-09,average,2024-03-21,A2,,TT,TT,
5-064,5C,064,sampled-TTR,2024-02-22,2024-02-22,2024-02-22,bright,2024-03-21,E4,,CT,CT,
5-065,5C,065,other,,,,,,,,,,
5-066,5C,066,sampled-TTR,2024-02-23,2024-02-23,2024-02-23,faint,,,,,,
5-067,5C,067,other,,,,,,,,,,
5-068,5C,068,respirometry,2023-10-13,2023-10-13,2023-10-13,bright,2023-10-19,A9,CT,CT,CT,
5-069,5C,069,sampled-TTR,2024-02-09,2024-02-16,2024-02-16,bright,2024-03-21,D3,,CT,CT,
5-070,5C,070,constant-TTR,2024-02-08,2024-02-08,2024-02-08,bright,2024-03-21,D1,,CT,CT,
5-071,5C,071,sampled-TTR,2024-02-23,2024-02-23,2024-02-23,bright,2024-03-21,H5,,TT,TT,
5-072,5C,072,other,,,,,,,,,,
5-073,5C,073,respirometry,2023-10-16,2023-10-16,2023-10-13,bright,2023-10-19,B6,CT,CT,CT,
5-074,5C,074,sampled-TTR,2024-02-29,2024-02-29,2024-02-29,average,2024-03-21,A7,,CT,CT,
5-075,5C,075,other,,,,,,,,,,
5-187,5C,187,sampled-TTR,2024-03-18,2024-03-18,2024-03-18,bright,2024-03-21,B8,,CT,CT,
5-188,5C,188,other,,,,,,,,,,
5-189,5C,189,sampled-TTR,2024-03-18,2024-03-18,2024-03-18,bright,2024-03-21,A9,,CT,CT,
15-091,15C,091,sampled-TTR,2024-02-22,2024-02-22,2024-02-22,bright,2024-03-21,F4,,CC,CC,
15-092,15C,092,sampled-TTR,2024-02-09,2024-02-09,2024-02-09,average,2024-03-21,B2,,TT,TT,
15-093,15C,093,julia,2023-07,2023-07,2023-07,N/A,2023-07,N/A,CT,CT,CT,
15-094,15C,094,respirometry,2023-10-13,2023-10-13,2023-10-13,bright,2023-10-19,A11,TT,TT,TT,
15-095,15C,095,julia,2023-07,2023-07,2023-07,N/A,2023-07,N/A,N/A,CT,CT,
15-096,15C,096,respirometry,2023-10-13,2023-10-13,2023-10-13,bright,2023-10-19,A12,CT,CT,CT,
15-097,15C,097,respirometry,2023-10-16,2023-10-16,2023-10-16,average,2023-10-19,B9,TT,TT,TT,garbage F and R reads but able to assemble contig 
15-098,15C,098,constant-TTR,2024-02-08,2024-02-08,2024-02-08,bright,2024-03-21,E1,,TT,TT,
15-099,15C,099,julia,2023-07,2023-07,2023-07,N/A,2023-07,N/A,NA,CT,CT,
15-100,15C,100,other,,,,,,,,,,
15-101,15C,101,julia,2023-07,2023-07,2023-07,N/A,2023-07,N/A,N/A,TT,TT,
15-102,15C,102,other,,,,,,,,,,
15-103,15C,103,julia,2023-07,2023-07,2023-07,N/A,2023-07,N/A,N/A,CT,CT,
15-104,15C,104,julia,2023-07,2023-07,2023-07,N/A,2023-07,N/A,N/A,CT,CT,
15-105,15C,105,sampled-TTR,2024-02-09,2024-02-16,2024-02-16,average,2024-03-21,E3,,TT,TT,
15-190,15C,190,sampled-TTR,2024-02-23,2024-02-23,2024-02-23,bright,2024-03-21,A6,,CT,CT,
15-191,15C,191,sampled-TTR,2024-03-18,2024-03-18,2024-03-18,bright,2024-03-21,C8,,CT,CT,
25-107,25C,107,other,,,,,,,,,,
25-108,25C,108,other,,,,,,,,,,
25-109,25C,109,sampled-TTR,2024-02-22,2024-02-22,2024-02-22,average,2024-03-21,G4,,CC,CC,
25-110,25C,110,sampled-TTR,2024-02-23,2024-02-23,2024-02-23,bright,2024-03-21,B6,,TT,TT,
25-111,25C,111,other,,,,,,,,,,
25-112,25C,112,sampled-TTR,2024-02-23,2024-02-23,2024-02-23,bright,2024-03-21,C6,,TT,TT,
25-113,25C,113,other,,,,,,,,,,
25-114,25C,114,sampled-TTR,2024-02-09,2024-02-16,2024-02-16,faint,,,,,,
25-115,25C,115,respirometry,2023-10-13,2023-10-13,2023-10-13,bright,2023-10-19,B4,TT,TT,TT,
25-116,25C,116,respirometry,2023-10-13,2023-10-13,2023-10-13,bright,2023-10-19,B5,CT,CT,CT,
25-117,25C,117,constant-TTR,2024-02-09,2024-02-09,2024-02-09,average,2024-03-21,C2,,CT,CT,
25-118,25C,118,other,,,,,,,,,,
25-119,25C,119,sampled-TTR,2024-02-09,2024-02-16,2024-02-16,bright,2024-03-21,F3,,CT,CT,
25-120,25C,120,sampled-TTR,2024-02-29,2024-02-29,2024-02-29,bright,2024-03-21,B7,,CT,CT,
25-193,25C,193,sampled-TTR,2024-02-09,2024-02-09,2024-02-09,bright,2024-03-21,D2,,CT,CT,
25-194,25C,194,other,,,,,,,,,,
25-195,25C,195,respirometry,2023-10-16,2023-10-16,2023-10-16,bright,2023-10-19,C1,TT,TT,TT,
5-121,5C,121,sampled-TTR,2024-02-22,2024-02-22,2024-02-22,bright,2024-03-21,H4,,CC,CC,
5-122,5C,122,sampled-TTR,2024-02-09,2024-02-16,2024-02-16,bright,2024-03-21,G3,,CT,CT,
5-123,5C,123,sampled-TTR,2024-02-23,2024-02-23,2024-02-23,bright,,,,,,"might have switched with 154, need to re-extract"
5-124,5C,124,sampled-TTR,2024-02-29,2024-02-29,2024-02-29,bright,2024-03-21,C7,,CT,CT,
5-125,5C,125,respirometry,2023-10-13,2023-10-13,2023-10-13,bright,2023-10-19,A10,TT,TT,TT,
5-126,5C,126,constant-TTR,2024-02-09,2024-02-09,2024-02-09,bright,2024-03-21,E2,,CT,CT,
5-127,5C,127,sampled-TTR,2024-03-18,2024-03-18,2024-03-18,bright,2024-03-21,E8,,CC,CC,
5-128,5C,128,other,,,,,,,,,,
5-129,5C,129,other,,,,,,,,,,
5-130,5C,130,other,,,,,,,,,,
5-131,5C,131,respirometry,2023-10-16,2023-10-16,2023-10-16,bright,2023-10-19,B7,N/A,TT,TT,
5-132,5C,132,other,,,,,,,,,,
5-133,5C,133,sampled-TTR,2024-03-18,2024-03-18,2024-03-18,bright,2024-03-21,G7,,TT,TT,
5-134,5C,134,sampled-TTR,,,,,,,,,,
5-135,5C,135,respirometry,2023-10-16,2023-10-16,2023-10-16,bright,2023-10-19,B8,CT,CT,CT,
5-196,5C,196,other,,,,,,,,,,
5-197,5C,197,sampled-TTR,2024-02-22,2024-02-22,2024-02-22,bright,2024-03-21,A5,,TT,TT,
15-151,15C,151,other,,,,,,,,,,
15-152,15C,152,sampled-TTR,2024-02-22,2024-02-22,2024-02-22,bright,2024-03-21,B5,,CC,CC,
15-153,15C,153,julia,2023-07,2023-07,2023-07,N/A,2023-07,N/A,CT,CT,CT,
15-154,15C,154,sampled-TTR,2024-02-23,2024-02-23,2024-02-23,bright,,,,,,"might have switched with 123, need to re-extract"
15-155,15C,155,other,,,,,,,,,,
15-156,15C,156,sampled-TTR,2024-02-29,2024-02-29,2024-02-29,bright,2024-03-21,D7,,CT,CT,
15-157,15C,157,sampled-TTR,2024-03-18,2024-03-18,2024-03-18,bright,2024-03-21,F8,,TT,TT,
15-158,15C,158,respirometry,2023-10-13,2023-10-13,2023-10-13,bright,2023-10-19,B1,CT,CT,CT,
15-159,15C,159,respirometry,2023-10-13,2023-10-13,2023-10-13,bright,2023-10-19,B2,CC,CC,CC,
15-160,15C,160,respirometry,2024-02-08,2024-02-09,2024-02-10,average,2024-03-21,F2,,CT,CT,
15-161,15C,161,sampled-TTR,,,,,,,,,,
15-162,15C,162,other,,,,,,,,,,
15-163,15C,163,respirometry,2024-02-08,2024-02-09,2024-02-10,average,2024-03-21,G2,,CT,CT,
15-164,15C,164,sampled-TTR,,,,,,,,,,
15-165,15C,165,julia,2023-07,2023-07,2023-07,N/A,2023-07,N/A,CC,CC,CC,
15-199,15C,199,julia,2023-07,2023-07,2023-07,N/A,2023-07,N/A,CC,CC,CC,
15-200,15C,200,sampled-TTR,2024-02-09,2024-02-16,2024-02-16,bright,2024-03-21,H3,,CT,CT,
15-201,15C,201,other,,,,,,,,,,
25-166,25C,166,other,,,,,,,,,,
25-167,25C,167,sampled-TTR,2024-02-22,2024-02-22,2024-02-22,bright,2024-03-21,C5,,CT,CT,
25-168,25C,168,sampled-TTR,2024-02-09,2024-02-09,2024-02-09,faint,,,,,,may need to re-extract
25-169,25C,169,sampled-TTR,2024-02-23,2024-02-23,2024-02-23,bright,2024-03-21,D6,,TT,TT,
25-170,25C,170,other,,,,,,,,,,
25-171,25C,171,sampled-TTR,2024-02-29,2024-02-29,2024-02-29,average,2024-03-21,E7,,CT,CT,
25-172,25C,172,other,,,,,,,,,,
25-173,25C,173,other,,,,,,,,,,
25-174,25C,174,respirometry,2023-10-16,2023-10-16,2023-10-16,average,2023-10-19,B10,CT,CT,CT,
25-175,25C,175,respirometry,2023-10-16,2023-10-16,2023-10-16,bright,2023-10-19,B11,CT,CT,CT,
25-176,25C,176,constant-TTR,2024-02-09,2024-02-09,2024-02-09,bright,2024-03-21,H2,,CT,CT,
25-177,25C,177,sampled-TTR,2024-02-29,2024-02-29,2024-02-29,bright,2024-03-21,F7,,CT,CT,
25-178,25C,178,other,,,,,,,,,,
25-179,25C,179,respirometry,2023-10-16,2023-10-16,2023-10-16,average,2023-10-19,B12,CT,CT,CT,
25-180,25C,180,other,,,,,,,,,,
25-202,25C,202,sampled-TTR,2024-02-09,2024-02-16,2024-02-16,bright,2024-03-21,A4,,TT,TT,
25-203,25C,203,sampled-TTR,2024-02-22,2024-02-22,2024-02-22,bright,2024-03-21,D5,,CT,CT,