date,tank,crab-ID,trial-1,trial-2,trial-3,genotype,sex,integument-color,weight,number-legs,missing-non-sampled,missing-swimmer,probe-number,carapace width,carapace length,notes
7/31/23,10,84,1.61,2.04,1.43,CC,M,YG,20.45,7,"L4,L5",Y,,45,37,
7/31/23,10,21,1.23,1.1,1.36,TT,M,Y,36.12,9,N,N,,55,42,
7/31/23,10,23,1.06,1.18,1,CT,M,YG,17.67,8,"L4,L5",N,,44,33,
7/31/23,10,142,2.66,1.68,1.28,TT,M,YG,36.05,9,N,N,,54,42,
7/31/23,10,141,1.13,1.23,1.44,CC,M,Y,34.65,9,N,N,,53,41,
7/31/23,10,25,0.95,1.34,1,CT,F,G,20.34,9,N,N,,46,35,
7/31/23,11,81,0.98,1.23,1.04,CT,M,Y,32.6,10,N,N,,49,40,didn't drop sampled leg
7/31/23,11,140,2.28,2.1,2.06,CT,M,Y,32.48,9,N,N,,51,40,
7/31/23,11,209,0.56,0.78,0.85,CC,F,G,11.05,7,"L1,L2",N,,38,29,
7/31/23,11,89,0.83,1.13,1.23,CT,M,Y,17.53,9,N,N,,43,32,
7/31/23,11,210,1.25,0.93,1.45,CT,M,Y,14.56,8,R4,N,,40,31,
7/31/23,11,87,1.05,1.05,1.15,TT,M,Y,17.9,9,N,N,,44,33,integument injury
7/31/23,12,199,0.73,0.71,1.29,CC,M,Y,13.21,9,N,N,,39,30,
7/31/23,12,206,0.95,1.03,1.11,CC,M,Y,12.74,9,N,N,,37,30,
7/31/23,12,83,1.43,2.08,1.53,CT,F,YG,24.48,9,N,N,,49,37,healed injury R1; tip of L2 clipped
7/31/23,12,79,1.06,1.08,1.06,CC,M,Y,27.11,9,N,N,,49,37,
7/31/23,12,88,2.06,4.96,1.61,CT,F,Y,17.83,9,N,N,,42,33,
7/31/23,12,145,1.08,0.96,1.11,CT,M,Y,25.47,9,N,N,,48,36,
7/31/23,13,136,0.78,1.63,1.01,CC,F,G,30.45,9,N,N,,51,40,
7/31/23,13,22,1.51,2.31,2.14,CT,M,Y,24.87,9,N,N,,48,38,
7/31/23,13,42,1.21,1.41,1.05,CC,M,Y,15.72,9,N,N,,41,31,
7/31/23,13,139,0.75,0.68,0.91,CT,M,YG,34.1,8,L4,N,,55,41,
7/31/23,13,80,1.94,1.06,1.18,CT,M,Y,36.33,9,N,N,,55,42,
7/31/23,13,20,1.19,0.9,1.01,CT,M,Y,26.15,9,N,N,,48,37,
8/1/23,10,84,1.26,1.1,1.64,CC,M,YG,20.47,7,"L5,L4",Y,2,45,37,
8/1/23,10,21,1.21,1.24,1.39,TT,M,Y,36.14,9,N,N,NA,55,42,
8/1/23,10,23,0.85,0.95,1.06,CT,M,Y,17.62,8,L4,N,4,44,33,
8/1/23,10,142,1.48,2.28,2.88,TT,M,YG,36.45,9,N,N,NA,54,42,
8/1/23,10,141,0.8,0.95,1.03,CC,M,YG,34.88,9,N,N,NA,53,41,
8/1/23,10,25,0.96,0.83,0.96,CT,F,G,20.28,9,N,N,3,46,35,
8/2/23,11,81,0.75,0.65,0.83,CT,M,Y,32.15,10,N,N,NA,49,40,
8/2/23,11,140,1.05,1.94,1.61,CT,M,Y,31.65,9,N,N,NA,51,40,
8/1/23,11,209,0.7,1.08,1.86,CC,F,YG,11.18,7,"L1,L2",N,NA,38,29,
8/1/23,11,89,2.06,1.35,1.13,CT,M,Y,17.65,9,N,N,2,43,32,
8/1/23,11,210,0.96,1.08,1.16,CT,M,Y,14.28,8,R4,N,NA,40,31,
8/1/23,11,87,0.71,0.83,1.05,TT,M,Y,18.04,9,N,N,3,44,33,
8/1/23,12,199,0.58,2.16,0.55,CC,M,YG,13.27,9,N,N,NA,39,30,
8/1/23,12,206,1.16,0.78,1.05,CC,M,Y,12.54,9,N,N,NA,37,30,
8/1/23,12,83,1.24,1.25,0.91,CT,F,YO,17.64,9,N,N,2,49,37,
8/1/23,12,79,1.25,0.95,0.96,CC,M,Y,27.01,9,N,N,NA,49,37,
8/1/23,12,88,0.81,0.86,1.18,CT,F,YG,24.14,9,N,N,3,42,33,
8/1/23,12,145,0.76,0.71,0.68,CT,M,Y,25.79,9,N,N,4,48,36,
8/2/23,13,136,1.06,1.05,1.06,CC,F,YG,29.99,9,N,N,NA,51,40,
8/2/23,13,22,1.23,1.11,1.28,CT,M,YG,25.04,9,N,N,2,48,38,
8/1/23,13,42,0.93,0.66,0.95,CC,M,Y,15.86,9,N,N,4,41,31,
8/1/23,13,139,7.86,0.76,1.21,CT,M,YG,34.64,8,L4,N,NA,55,41,
8/1/23,13,80,0.9,1.21,0.95,CT,M,Y,36.65,9,N,N,NA,55,42,
8/1/23,13,20,0.88,0.8,0.83,CT,M,Y,26.16,9,N,N,NA,48,37,
8/4/23,10,84,1.11,14.67,4.19,CC,M,YG,20.78,7,"L4,L5",Y,3,45,37,
8/4/23,10,21,2.38,1.76,2.69,TT,M,Y,36.39,9,N,N,NA,55,42,
8/4/23,10,23,1.18,0.9,1.23,CT,M,Y,17.8,8,L4,N,2,44,33,
8/4/23,10,142,7.44,3.59,25.73,TT,M,Y,36.88,9,N,N,NA,54,42,
8/4/23,10,141,6.87,0.98,91,CC,M,Y,35.23,9,N,N,NA,53,41,
8/4/23,10,25,0.99,1.28,91,CT,F,Y,20.65,9,N,N,4,46,35,
8/4/23,11,81,0.81,1.21,0.78,CT,M,Y,31.97,10,N,N,NA,49,40,
8/4/23,11,140,1.06,2.18,3.39,CT,M,Y,31.75,9,N,N,NA,51,40,
8/4/23,11,209,0.81,0.95,0.48,CC,F,YG,11.25,7,"L1,L2",N,NA,38,29,
8/4/23,11,89,0.75,1.01,2.46,CT,M,Y,17.66,9,N,N,3,43,32,
8/4/23,11,210,0.73,0.73,0.78,CT,M,YG,14.32,8,R4,N,NA,40,31,
8/4/23,11,87,0.83,1.05,2.1,TT,M,Y,18.03,9,N,N,2,44,33,
8/4/23,12,199,0.56,0.87,2.39,CC,M,YG,13.33,9,N,N,NA,39,30,
8/4/23,12,206,1.09,0.85,1.13,CC,M,Y,12.7,9,N,N,NA,37,30,
8/4/23,12,83,0.71,1.11,2.11,CT,F,Y,24.67,9,N,N,2,49,37,
8/4/23,12,79,1.43,1.13,1.31,CC,M,Y,27.25,9,N,N,NA,49,37,
8/4/23,12,88,16.9,6.26,8.17,CT,F,Y,17.35,9,N,N,3,42,33,
8/4/23,12,145,1.21,1.98,40.76,CT,M,Y,26.15,9,N,N,4,48,36,
8/4/23,13,136,0.71,0.9,0.96,CC,F,YG,30.05,9,N,N,NA,51,40,
8/4/23,13,22,2.34,2.51,3.04,CT,M,Y,25.23,9,N,N,2,48,38,
8/4/23,13,42,0.73,0.83,0.78,CC,M,Y,15.66,9,N,N,3,41,31,
8/4/23,13,139,0.8,0.94,0.73,CT,M,Y,34.08,8,L4,N,NA,55,41,
8/4/23,13,80,0.98,0.83,0.88,CT,M,Y,36.28,9,N,N,NA,55,42,
8/4/23,13,20,1.16,0.73,0.61,CT,M,Y,26.07,9,N,N,NA,48,37,